{
  "mean": [
    -0.00019885777146555483,
    -0.333711177110672,
    0.3335072100162506,
    -0.0007517047342844307
  ],
  "std": [
    73.02436065673828,
    806.7184448242188,
    809.5228271484375,
    56.5302619934082
  ],
  "sr": 250,
  "class_order": [
    "none",
    "blink",
    "blink_double",
    "tap",
    "tap_double",
    "fist_hold",
    "brow"
  ],
  "fp1": 1,
  "fp2": 2,
  "emg": 3,
  "ts_col": -2,
  "bands": {
    "eeg": [
      0.5,
      40.0
    ],
    "emg": [
      15.0,
      55.0
    ]
  },
  "notch_hz": 50.0
}